{
  "deployed": "HU+labs",
  "target_sens": 0.9,
  "chosen": {
    "thr": 0.22321055829365202,
    "sens": 0.9027777777777778,
    "spec": 0.2336448598130841,
    "ppv": 0.6132075471698113,
    "npv": 0.6410256410256411,
    "tp": 130,
    "fp": 82,
    "fn": 14,
    "tn": 25
  },
  "table": {
    "youden": {
      "thr": 0.4661425267413911,
      "sens": 0.7708333333333334,
      "spec": 0.5514018691588785,
      "ppv": 0.6981132075471698,
      "npv": 0.6413043478260869,
      "tp": 111,
      "fp": 48,
      "fn": 33,
      "tn": 59
    },
    "sens_80": {
      "thr": 0.427728552757082,
      "sens": 0.8055555555555556,
      "spec": 0.5046728971962616,
      "ppv": 0.6863905325443787,
      "npv": 0.6585365853658537,
      "tp": 116,
      "fp": 53,
      "fn": 28,
      "tn": 54
    },
    "sens_85": {
      "thr": 0.38493671671331625,
      "sens": 0.8541666666666666,
      "spec": 0.4485981308411215,
      "ppv": 0.6758241758241759,
      "npv": 0.6956521739130435,
      "tp": 123,
      "fp": 59,
      "fn": 21,
      "tn": 48
    },
    "sens_90": {
      "thr": 0.22321055829365202,
      "sens": 0.9027777777777778,
      "spec": 0.2336448598130841,
      "ppv": 0.6132075471698113,
      "npv": 0.6410256410256411,
      "tp": 130,
      "fp": 82,
      "fn": 14,
      "tn": 25
    },
    "sens_95": {
      "thr": 0.1229639083707644,
      "sens": 0.9513888888888888,
      "spec": 0.11214953271028037,
      "ppv": 0.5905172413793104,
      "npv": 0.631578947368421,
      "tp": 137,
      "fp": 95,
      "fn": 7,
      "tn": 12
    }
  }
}