{
  "n": 251,
  "n_cap": 144,
  "n_caox": 107,
  "n_measurable": 227,
  "deployed": "HU+labs",
  "deploy_features": [
    "hu_peak",
    "hu_mean",
    "hu_p95",
    "volume_mm3",
    "urine_ph",
    "na",
    "k",
    "cl",
    "co2",
    "anion_gap",
    "bun",
    "creatinine",
    "ca",
    "glucose",
    "age",
    "gender_M"
  ],
  "sets": {
    "HU": {
      "auc": 0.6647520768431984,
      "ci": [
        0.5901001311045049,
        0.7359825809350323
      ],
      "ap": 0.7457631253268515,
      "brier": 0.2336900866748558
    },
    "HU+grad": {
      "auc": 0.6754283489096573,
      "ci": [
        0.6036507468191038,
        0.7453814116173638
      ],
      "ap": 0.7517789293275563,
      "brier": 0.2318771755060452
    },
    "HU+labs": {
      "auc": 0.7095340083073729,
      "ci": [
        0.6372758937306678,
        0.7778991207727112
      ],
      "ap": 0.7743191046539188,
      "brier": 0.22448411049022315
    },
    "HU+labs+grad": {
      "auc": 0.6969755970924196,
      "ci": [
        0.6217031039136302,
        0.7655765482635921
      ],
      "ap": 0.753347949673672,
      "brier": 0.22910393265791784
    }
  },
  "delta_over_hu_labs": {
    "mean": -0.012544813452353936,
    "ci": [
      -0.03357007832784703,
      0.007222128164191951
    ],
    "p_gt0": 0.11366666666666667
  },
  "delta_over_hu": {
    "mean": 0.01100993332458999,
    "ci": [
      -0.025601348189740865,
      0.04885593975653194
    ],
    "p_gt0": 0.7166666666666667
  },
  "operating_point": {
    "threshold": 0.4661425267413911,
    "sens": 0.7708333333333334,
    "spec": 0.5514018691588785,
    "ppv": 0.6981132075471698,
    "npv": 0.6413043478260869
  },
  "shap_rank_ratio": 9
}