{
  "thr_5": {
    "volume-only": {
      "auc": 0.5587783500496973,
      "ci": [
        0.48629977010201175,
        0.628674923157249
      ]
    },
    "deconv-all (7f)": {
      "auc": 0.4989156953103822,
      "ci": [
        0.4298932813982849,
        0.5674094859007487
      ]
    },
    "deconv-robust (5f)": {
      "auc": 0.5265202855335682,
      "ci": [
        0.4547536389487,
        0.5982644643287235
      ]
    },
    "HU-shape (10f)": {
      "auc": 0.5262040299990964,
      "ci": [
        0.4498183239630608,
        0.5991021472952195
      ]
    },
    "HU-shape+deconv": {
      "auc": 0.5410228607572061,
      "ci": [
        0.46953551001247706,
        0.6126748416883996
      ]
    }
  },
  "thr_10": {
    "volume-only": {
      "auc": 0.5587783500496973,
      "ci": [
        0.48629977010201175,
        0.628674923157249
      ]
    },
    "deconv-all (7f)": {
      "auc": 0.4989156953103822,
      "ci": [
        0.4298932813982849,
        0.5674094859007487
      ]
    },
    "deconv-robust (5f)": {
      "auc": 0.5265202855335682,
      "ci": [
        0.4547536389487,
        0.5982644643287235
      ]
    },
    "HU-shape (10f)": {
      "auc": 0.5262040299990964,
      "ci": [
        0.4498183239630608,
        0.5991021472952195
      ]
    },
    "HU-shape+deconv": {
      "auc": 0.5410228607572061,
      "ci": [
        0.46953551001247706,
        0.6126748416883996
      ]
    }
  },
  "thr_25": {
    "volume-only": {
      "auc": 0.5191698759092854,
      "ci": [
        0.4473571254921175,
        0.5903943485413032
      ]
    },
    "deconv-all (7f)": {
      "auc": 0.4226358579375267,
      "ci": [
        0.3628339097897553,
        0.48318319452056846
      ]
    },
    "deconv-robust (5f)": {
      "auc": 0.3750962772785623,
      "ci": [
        0.3142825693168028,
        0.4357118134742828
      ]
    },
    "HU-shape (10f)": {
      "auc": 0.4612751390671802,
      "ci": [
        0.3953077889447236,
        0.5234283701403266
      ]
    },
    "HU-shape+deconv": {
      "auc": 0.42665810868635,
      "ci": [
        0.3612879841166662,
        0.49041568661220625
      ]
    }
  }
}