{
  "HU+labs": {
    "auc": 0.7095340083073729
  },
  "+nephrocalc": {
    "auc": 0.7225142782969886,
    "delta": 0.013046987175161772,
    "ci": [
      -0.005387144620624517,
      0.032746703339691506
    ],
    "p_gt0": 0.912
  },
  "+BMD": {
    "auc": 0.7373442367601246,
    "delta": 0.028206607452018875,
    "ci": [
      -0.0013919536832471403,
      0.06017699134979006
    ],
    "p_gt0": 0.9686666666666667
  },
  "+both": {
    "auc": 0.7470469885773624,
    "delta": 0.03788691388400129,
    "ci": [
      0.006225318462280363,
      0.07400549008761126
    ],
    "p_gt0": 0.99
  }
}