{
  "classes": [
    "CaOx",
    "CaP",
    "UA",
    "Struvite",
    "Other"
  ],
  "counts": {
    "CaOx": 107,
    "CaP": 144,
    "UA": 36,
    "Struvite": 27,
    "Other": 5
  },
  "ovr_auc": {
    "CaOx": 0.7155924880973374,
    "CaP": 0.6740277777777777,
    "UA": 0.7310561444837064,
    "Struvite": 0.6859462201927955,
    "Other": 0.6993630573248408
  },
  "macro_f1": 0.31741327786241647,
  "balanced_acc": 0.3154075804776739,
  "n": 319
}