{
  "HU+labs": {
    "auc": 0.7095340083073729
  },
  "+aortic-calc": {
    "auc": 0.7111565420560748,
    "delta": 0.0014121887419022542,
    "ci": [
      -0.02112680677239286,
      0.023266042371170165
    ],
    "p_gt0": 0.5553333333333333
  },
  "+infection": {
    "auc": 0.7407515576323987,
    "delta": 0.031220238534273605,
    "ci": [
      -0.01313252304544199,
      0.07579968369719477
    ],
    "p_gt0": 0.9093333333333333
  },
  "+both": {
    "auc": 0.7484748182762202,
    "delta": 0.038583477362053115,
    "ci": [
      -0.00943584511033043,
      0.08670073705706847
    ],
    "p_gt0": 0.9416666666666667
  }
}