{
  "HU+labs": {
    "auc": 0.7095340083073729
  },
  "+fatty-liver": {
    "auc": 0.7030438733125649,
    "delta": -0.006364029896567078,
    "ci": [
      -0.026702058538431443,
      0.013007893935685652
    ],
    "p_gt0": 0.25066666666666665
  },
  "+muscle": {
    "auc": 0.6865589304257529,
    "delta": -0.022527880212013473,
    "ci": [
      -0.04886512886679965,
      0.0012301470447196596
    ],
    "p_gt0": 0.032
  },
  "+both": {
    "auc": 0.6939576843198338,
    "delta": -0.015029412422744026,
    "ci": [
      -0.046129484742865205,
      0.014103673986486553
    ],
    "p_gt0": 0.16133333333333333
  }
}