{
  "node_A": {
    "auc": 0.7588339222614842,
    "ci": [
      0.6386774287119015,
      0.8630243609237336
    ],
    "n_pos": 36,
    "n": 319
  },
  "node_C1": {
    "thr_5": {
      "n_mixed": 217,
      "imaging": {
        "auc": 0.5355561579470498,
        "ci": [
          0.4620370312639173,
          0.6089982566312483
        ]
      },
      "plus_labs": {
        "auc": 0.5349688262401735,
        "ci": [
          0.46826455868806327,
          0.6010196572473943
        ]
      }
    },
    "thr_10": {
      "n_mixed": 217,
      "imaging": {
        "auc": 0.5355561579470498,
        "ci": [
          0.4620370312639173,
          0.6089982566312483
        ]
      },
      "plus_labs": {
        "auc": 0.5349688262401735,
        "ci": [
          0.46826455868806327,
          0.6010196572473943
        ]
      }
    },
    "thr_25": {
      "n_mixed": 114,
      "imaging": {
        "auc": 0.4603765511339324,
        "ci": [
          0.3962377258930897,
          0.520210402305041
        ]
      },
      "plus_labs": {
        "auc": 0.4924689773213522,
        "ci": [
          0.4284564218465341,
          0.5560022504147291
        ]
      }
    },
    "thr_40": {
      "n_mixed": 69,
      "imaging": {
        "auc": 0.4745507246376811,
        "ci": [
          0.3982441911739213,
          0.5515051622436146
        ]
      },
      "plus_labs": {
        "auc": 0.47136231884057966,
        "ci": [
          0.3981352230175931,
          0.5459015842260991
        ]
      }
    }
  },
  "node_C2": {
    "auc": 0.7095340083073729,
    "ci": [
      0.6372758937306678,
      0.7778991207727112
    ],
    "n_pos": 144,
    "n": 251
  }
}