{
  "n": 319,
  "n_patients": 223,
  "n_measurable": 288,
  "baseline": {
    "macro_f1": 0.31741327786241647,
    "balanced_acc": 0.3154075804776739,
    "ovr_auc": {
      "CaOx": 0.7155924880973374,
      "CaP": 0.6740277777777777,
      "UA": 0.7310561444837064,
      "Struvite": 0.6859462201927955,
      "Other": 0.6993630573248408
    }
  },
  "plus_gradient": {
    "macro_f1": 0.2958585858585858,
    "balanced_acc": 0.298208722741433,
    "ovr_auc": {
      "CaOx": 0.7313084112149533,
      "CaP": 0.6737698412698413,
      "UA": 0.7114252061248527,
      "Struvite": 0.6798579401319127,
      "Other": 0.7082802547770701
    }
  },
  "caox_vs_cap": {
    "hu_only_auc": 0.6578725337487019,
    "hu_plus_ratio_auc": 0.6749091381100727,
    "n": 251,
    "n_caox": 107
  },
  "shap_rank_of_ratio": 13,
  "shap_importance_ratio": 0.18169600656284263,
  "per_kernel": {
    "B": {
      "n": 77,
      "mean": 2.6424167394632883,
      "sd": 1.1051771854601553,
      "cv": 0.4182448472093135,
      "class": "soft"
    },
    "FC01": {
      "n": 26,
      "mean": 2.713541077078875,
      "sd": 0.9479089931972562,
      "cv": 0.349325463028435,
      "class": "soft"
    },
    "FC07": {
      "n": 8,
      "mean": 2.539028692420011,
      "sd": 0.9054037848833041,
      "cv": 0.35659454640520083,
      "class": "sharp"
    },
    "FC17": {
      "n": 7,
      "mean": 3.1690667235140255,
      "sd": 1.361855019716261,
      "cv": 0.4297337792263855,
      "class": "soft"
    },
    "unknown": {
      "n": 167,
      "mean": 2.7623199694291203,
      "sd": 1.2532782419702824,
      "cv": 0.45370494940500805,
      "class": "soft"
    }
  },
  "ratio_by_comp_kernelclass": {
    "CaOx": {
      "soft_mean": 2.847351417119915,
      "soft_n": 94,
      "sharp_mean": 3.797619047619048,
      "sharp_n": 1
    },
    "CaP": {
      "soft_mean": 2.7767323591158353,
      "soft_n": 127,
      "sharp_mean": 3.3148062788102117,
      "sharp_n": 5
    },
    "UA": {
      "soft_mean": 2.132162718239655,
      "soft_n": 31,
      "sharp_mean": 1.6065573770491803,
      "sharp_n": 1
    },
    "Struvite": {
      "soft_mean": 2.9411255403975463,
      "soft_n": 22,
      "sharp_mean": 1.758103977729308,
      "sharp_n": 2
    },
    "Other": {
      "soft_mean": 2.5015782901053107,
      "soft_n": 5,
      "sharp_mean": null,
      "sharp_n": 0
    }
  },
  "caox_cap_gap_by_kernelclass": {
    "soft": {
      "caox_mean": 2.847351417119915,
      "cap_mean": 2.7767323591158353,
      "gap": 0.07061905800407953,
      "n_caox": 94,
      "n_cap": 127
    }
  }
}