{
  "HU+labs": {
    "auc": 0.7095340083073729
  },
  "+acid-base": {
    "auc": 0.7092095015576325,
    "delta": -0.00019642344486536757,
    "ci": [
      -0.009009252759252776,
      0.007961271491569935
    ],
    "p_gt0": 0.49433333333333335
  },
  "+eGFR": {
    "auc": 0.7004478193146417,
    "delta": -0.008880573368328192,
    "ci": [
      -0.024914858692632373,
      0.005876709726443858
    ],
    "p_gt0": 0.11966666666666667
  },
  "+all derived": {
    "auc": 0.7011617341640707,
    "delta": -0.008030303632036736,
    "ci": [
      -0.02536128543442361,
      0.00792983251913198
    ],
    "p_gt0": 0.16966666666666666
  }
}