{
  "thr_5": {
    "Stone HU (base)": {
      "n_feats": 5,
      "auc": 0.5524080599981928,
      "ci": [
        0.4802278173487674,
        0.6248774613518393
      ]
    },
    "HU-shape radiomics": {
      "n_feats": 10,
      "auc": 0.5531761091533387,
      "ci": [
        0.48222667204503256,
        0.6189706054095793
      ]
    },
    "Density gradient": {
      "n_feats": 1,
      "auc": 0.4264931779163278,
      "ci": [
        0.3532457916462732,
        0.4957249056044302
      ]
    },
    "Hb-calibrated HU": {
      "n_feats": 3,
      "auc": 0.42244962501129485,
      "ci": [
        0.3558777631861495,
        0.49121855385601604
      ]
    },
    "CNN deep features": {
      "n_feats": 64,
      "auc": 0.4796918767507003,
      "ci": [
        0.4130618575449843,
        0.5452710362298122
      ]
    },
    "Labs / urine": {
      "n_feats": 10,
      "auc": 0.4835321225264299,
      "ci": [
        0.4148487637369434,
        0.548854355745937
      ]
    },
    "Derived acid-base+eGFR": {
      "n_feats": 3,
      "auc": 0.43275051956266375,
      "ci": [
        0.35959600488362303,
        0.5074480797336973
      ]
    },
    "Demographics": {
      "n_feats": 2,
      "auc": 0.4348287702177645,
      "ci": [
        0.36688326111694675,
        0.5037983748619078
      ]
    },
    "Nephrocalcinosis": {
      "n_feats": 4,
      "auc": 0.35739134363422786,
      "ci": [
        0.29007866546355854,
        0.42765478917015015
      ]
    },
    "Vertebral BMD": {
      "n_feats": 2,
      "auc": 0.45899972892382757,
      "ci": [
        0.3895650896091116,
        0.527067859272205
      ]
    },
    "Hepatic steatosis": {
      "n_feats": 3,
      "auc": 0.5688307581096955,
      "ci": [
        0.48846117976712766,
        0.6487803471496434
      ]
    },
    "Sarcopenia": {
      "n_feats": 2,
      "auc": 0.4807761814403181,
      "ci": [
        0.40727313690018124,
        0.5590049170669362
      ]
    },
    "Aortic calcification": {
      "n_feats": 3,
      "auc": 0.42710309930423784,
      "ci": [
        0.35965003291305897,
        0.49409494905119217
      ]
    },
    "Bladder / prostate": {
      "n_feats": 3,
      "auc": 0.41373000813228517,
      "ci": [
        0.3445798604475944,
        0.48494589435681384
      ]
    },
    "ALL COMBINED": {
      "n_feats": 115,
      "auc": 0.6264118550646065,
      "ci": [
        0.5569690499717674,
        0.6949606574428151
      ]
    }
  },
  "thr_10": {
    "Stone HU (base)": {
      "n_feats": 5,
      "auc": 0.5524080599981928,
      "ci": [
        0.4802278173487674,
        0.6248774613518393
      ]
    },
    "HU-shape radiomics": {
      "n_feats": 10,
      "auc": 0.5531761091533387,
      "ci": [
        0.48222667204503256,
        0.6189706054095793
      ]
    },
    "Density gradient": {
      "n_feats": 1,
      "auc": 0.4264931779163278,
      "ci": [
        0.3532457916462732,
        0.4957249056044302
      ]
    },
    "Hb-calibrated HU": {
      "n_feats": 3,
      "auc": 0.42244962501129485,
      "ci": [
        0.3558777631861495,
        0.49121855385601604
      ]
    },
    "CNN deep features": {
      "n_feats": 64,
      "auc": 0.4796918767507003,
      "ci": [
        0.4130618575449843,
        0.5452710362298122
      ]
    },
    "Labs / urine": {
      "n_feats": 10,
      "auc": 0.4835321225264299,
      "ci": [
        0.4148487637369434,
        0.548854355745937
      ]
    },
    "Derived acid-base+eGFR": {
      "n_feats": 3,
      "auc": 0.43275051956266375,
      "ci": [
        0.35959600488362303,
        0.5074480797336973
      ]
    },
    "Demographics": {
      "n_feats": 2,
      "auc": 0.4348287702177645,
      "ci": [
        0.36688326111694675,
        0.5037983748619078
      ]
    },
    "Nephrocalcinosis": {
      "n_feats": 4,
      "auc": 0.35739134363422786,
      "ci": [
        0.29007866546355854,
        0.42765478917015015
      ]
    },
    "Vertebral BMD": {
      "n_feats": 2,
      "auc": 0.45899972892382757,
      "ci": [
        0.3895650896091116,
        0.527067859272205
      ]
    },
    "Hepatic steatosis": {
      "n_feats": 3,
      "auc": 0.5688307581096955,
      "ci": [
        0.48846117976712766,
        0.6487803471496434
      ]
    },
    "Sarcopenia": {
      "n_feats": 2,
      "auc": 0.4807761814403181,
      "ci": [
        0.40727313690018124,
        0.5590049170669362
      ]
    },
    "Aortic calcification": {
      "n_feats": 3,
      "auc": 0.42710309930423784,
      "ci": [
        0.35965003291305897,
        0.49409494905119217
      ]
    },
    "Bladder / prostate": {
      "n_feats": 3,
      "auc": 0.41373000813228517,
      "ci": [
        0.3445798604475944,
        0.48494589435681384
      ]
    },
    "ALL COMBINED": {
      "n_feats": 115,
      "auc": 0.6264118550646065,
      "ci": [
        0.5569690499717674,
        0.6949606574428151
      ]
    }
  },
  "thr_25": {
    "Stone HU (base)": {
      "n_feats": 5,
      "auc": 0.5105691056910568,
      "ci": [
        0.4432779970383309,
        0.5757550551435706
      ]
    },
    "HU-shape radiomics": {
      "n_feats": 10,
      "auc": 0.48712023962344886,
      "ci": [
        0.4158977355087618,
        0.5527871065133694
      ]
    },
    "Density gradient": {
      "n_feats": 1,
      "auc": 0.3460847240051348,
      "ci": [
        0.28035384492413845,
        0.41378887252151136
      ]
    },
    "Hb-calibrated HU": {
      "n_feats": 3,
      "auc": 0.37100984167736417,
      "ci": [
        0.30868841265031,
        0.4393382214727996
      ]
    },
    "CNN deep features": {
      "n_feats": 64,
      "auc": 0.45650406504065033,
      "ci": [
        0.38864757074148204,
        0.5300007984990786
      ]
    },
    "Labs / urine": {
      "n_feats": 10,
      "auc": 0.531471972614463,
      "ci": [
        0.4649513592750534,
        0.5984922277900581
      ]
    },
    "Derived acid-base+eGFR": {
      "n_feats": 3,
      "auc": 0.482135216089003,
      "ci": [
        0.41819795115768327,
        0.5506140807877452
      ]
    },
    "Demographics": {
      "n_feats": 2,
      "auc": 0.5175652545999144,
      "ci": [
        0.45149594787300995,
        0.5873508127692909
      ]
    },
    "Nephrocalcinosis": {
      "n_feats": 4,
      "auc": 0.3484595635430039,
      "ci": [
        0.28356367465607274,
        0.4154529555226434
      ]
    },
    "Vertebral BMD": {
      "n_feats": 2,
      "auc": 0.42282841249465125,
      "ci": [
        0.3554049623915811,
        0.49316382969116845
      ]
    },
    "Hepatic steatosis": {
      "n_feats": 3,
      "auc": 0.5618528027385538,
      "ci": [
        0.49492310579137716,
        0.6278120401313558
      ]
    },
    "Sarcopenia": {
      "n_feats": 2,
      "auc": 0.477599486521181,
      "ci": [
        0.41736491931117986,
        0.5434328893017671
      ]
    },
    "Aortic calcification": {
      "n_feats": 3,
      "auc": 0.5282199400941378,
      "ci": [
        0.46483567877945353,
        0.5916577635292056
      ]
    },
    "Bladder / prostate": {
      "n_feats": 3,
      "auc": 0.4095635430038511,
      "ci": [
        0.34640544725046724,
        0.4665265312156467
      ]
    },
    "ALL COMBINED": {
      "n_feats": 115,
      "auc": 0.4910569105691056,
      "ci": [
        0.4233462752639457,
        0.5581120015720263
      ]
    }
  }
}